{"cameraMode":{"drawMode":0,"name":"Shaded","section":"Shading Mode"},"sceneLighting":false,"audioPlay":false,"sceneViewState":{"m_AlwaysRefresh":false,"showFog":true,"showSkybox":false,"showFlares":true,"showImageEffects":true,"showParticleSystems":true,"showVisualEffectGraphs":true,"m_FxEnabled":true},"in2DMode":false,"pivot":{"x":-16.485862731933595,"y":0.30548158288002016,"z":3.2363080978393556},"rotation":{"x":0.07672528177499771,"y":0.014360806904733181,"z":-0.0011058285599574447,"w":0.996946394443512},"size":4.659707546234131,"orthographic":false}